"","start","stop","mid","D2_pi","D3_pi","D2_D3_fst","D2_D3_dxy"
"1",1,50001,25001,0.02752,0.00776333333333333,0.593988134813072,0.0434511111111111
"2",12501,62501,37501,0.0241533333333333,0.00589,0.627099710384775,0.0402833333333333
"3",25001,75001,50001,0.0214666666666667,0.00671333333333333,0.695574413942937,0.0462838888888889
"4",37501,87501,62501,0.02644,0.00755,0.616298321752001,0.0442922222222222
"5",50001,100001,75001,0.0242733333333333,0.00643,0.647083615371844,0.0434994444444444
"6",62501,112501,87501,0.0241733333333333,0.00653333333333333,0.643755800763123,0.0430977777777778
"7",75001,125001,100001,0.0222933333333333,0.00561666666666667,0.602867938846817,0.0351394444444444
"8",87501,137501,112501,0.0161666666666667,0.00384,0.692247214056197,0.0325044444444444
"9",100001,150001,125001,0.0153066666666667,0.00263333333333333,0.709285367039378,0.030855
"10",112501,162501,137501,0.0163666666666667,0.00314333333333333,0.713411349948587,0.0340383333333333
"11",125001,175001,150001,0.01434,0.00319,0.71724286251949,0.0309983333333333
"12",137501,187501,162501,0.01556,0.00366333333333333,0.690578388239081,0.0310633333333333
"13",150001,200001,175001,0.01828,0.00338666666666667,0.706890331890332,0.03696
"14",162501,212501,187501,0.02328,0.00403333333333333,0.667379302879411,0.0410577777777778
"15",175001,225001,200001,0.0212933333333333,0.00418,0.677498311951384,0.0394933333333333
"16",187501,237501,212501,0.0237933333333333,0.00443333333333333,0.690225343868891,0.04556
"17",200001,250001,225001,0.0205466666666667,0.00481666666666667,0.638938976938408,0.0351233333333333
"18",212501,262501,237501,0.0174866666666667,0.00493,0.645741878841089,0.0316388888888889
"19",225001,275001,250001,0.0243533333333333,0.00544,0.62138348794849,0.039345
"20",237501,287501,262501,0.02168,0.00630666666666667,0.616679348653173,0.0365055555555556
"21",250001,300001,275001,0.0218933333333333,0.00609,0.678959310626147,0.0435822222222222
"22",262501,312501,287501,0.0207866666666667,0.00585333333333333,0.721565439554059,0.0478388888888889
"23",275001,325001,300001,0.0174333333333333,0.00557,0.761326692951511,0.04819
"24",287501,337501,312501,0.0167533333333333,0.00447,0.78790570625923,0.0500327777777778
"25",300001,350001,325001,0.02038,0.00543,0.750641404111427,0.0517527777777778
"26",312501,362501,337501,0.01776,0.00432333333333333,0.735652058256301,0.0417694444444444
"27",325001,375001,350001,0.0150666666666667,0.00349333333333333,0.742448771913595,0.0360316666666667
"28",337501,387501,362501,0.0167533333333333,0.00328,0.724703403417159,0.036385
"29",350001,400001,375001,0.0137133333333333,0.00293666666666667,0.752453166815343,0.03363
"30",362501,412501,387501,0.02076,0.00644666666666667,0.680293514734492,0.0425494444444444
"31",375001,425001,400001,0.0208333333333333,0.00675333333333333,0.658087172071886,0.0403416666666667
"32",387501,437501,412501,0.0205533333333333,0.00833,0.562550484652666,0.0330133333333333
"33",400001,450001,425001,0.0217533333333333,0.00741,0.569671929565688,0.033885
"34",412501,462501,437501,0.0180933333333333,0.00410666666666667,0.678369633457285,0.0345116666666667
"35",425001,475001,450001,0.0276933333333333,0.00634,0.636115236115236,0.0467638888888889
"36",437501,487501,462501,0.0263533333333333,0.00685666666666667,0.615422226225247,0.0431772222222222
"37",450001,500001,475001,0.0240066666666667,0.00689333333333333,0.557714940042622,0.0349322222222222
"38",462501,512501,487501,0.0186933333333333,0.00645,0.449442849496375,0.0228344444444444
"39",475001,525001,500001,0.0100133333333333,0.00469,0.472052663076002,0.013925
"40",487501,537501,512501,0.0119066666666667,0.00316666666666667,0.7079754601227,0.0258083333333333
"41",500001,550001,525001,0.0135866666666667,0.00348333333333333,0.704273339749759,0.0288611111111111
"42",512501,562501,537501,0.0179733333333333,0.00512666666666667,0.729229887602402,0.0426561111111111
"43",525001,575001,550001,0.0190733333333333,0.00678333333333333,0.739971394730373,0.0497188888888889
"44",537501,587501,562501,0.0167866666666667,0.00639333333333333,0.745669108951931,0.0455705555555556
"45",550001,600001,575001,0.0190733333333333,0.0067,0.740838398283876,0.0497244444444444
"46",562501,612501,587501,0.0198866666666667,0.00618666666666667,0.736221490315981,0.0494227777777778
"47",575001,625001,600001,0.0209733333333333,0.00507333333333333,0.736173948274698,0.0493633333333333
"48",587501,637501,612501,0.0233666666666667,0.00668333333333333,0.721962352602523,0.0540394444444444
"49",600001,650001,625001,0.0191933333333333,0.00706,0.759965866146532,0.0546866666666667
"50",612501,662501,637501,0.0148066666666667,0.00651333333333333,0.767502726281352,0.04585
"51",625001,675001,650001,0.00969333333333333,0.00563333333333333,0.767996501614639,0.0330311111111111
"52",637501,687501,662501,0.00715333333333333,0.0062,0.762062206735433,0.0280605555555556
"53",650001,700001,675001,0.00844666666666667,0.00585333333333333,0.761348464619493,0.02996
"54",662501,712501,687501,0.0139666666666667,0.00794666666666667,0.692122763745356,0.0355877777777778
"55",675001,725001,700001,0.0189466666666667,0.00837,0.71333123447721,0.047645
"56",687501,737501,712501,0.02166,0.00655333333333333,0.689223425738939,0.0453916666666667
"57",700001,750001,725001,0.02132,0.00675666666666667,0.663120425548934,0.0416716666666667
"58",712501,762501,737501,0.0186533333333333,0.00505333333333333,0.735695261690926,0.0448472222222222
"59",725001,775001,750001,0.0178333333333333,0.00467,0.756002650442744,0.0461138888888889
"60",737501,787501,762501,0.0194333333333333,0.00423,0.78144594386577,0.0541361111111111
"61",750001,800001,775001,0.0210533333333333,0.00374666666666667,0.781283684468398,0.0566944444444444
"62",762501,812501,787501,0.0223733333333333,0.00365333333333333,0.767318962948247,0.0559277777777778
"63",775001,825001,800001,0.02168,0.00405666666666667,0.762669316994201,0.0542211111111111
"64",787501,837501,812501,0.0187066666666667,0.00388666666666667,0.776429066200482,0.0505283333333333
"65",800001,850001,825001,0.01874,0.00514,0.747476765089473,0.0472827777777778
"66",812501,862501,837501,0.0163133333333333,0.00456333333333333,0.763067300538455,0.0440561111111111
"67",825001,875001,850001,0.0154533333333333,0.00427666666666667,0.768822173907383,0.0426727777777778
"68",837501,887501,862501,0.01824,0.00516,0.719102622242377,0.0416522222222222
"69",850001,900001,875001,0.0208133333333333,0.00397666666666667,0.744095888054138,0.0484361111111111
"70",862501,912501,887501,0.0260666666666667,0.00419666666666667,0.726755617977528,0.0553777777777778
"71",875001,925001,900001,0.0264866666666667,0.00542,0.720465695818083,0.0570711111111111
"72",887501,937501,912501,0.0249266666666667,0.00408,0.733957014888869,0.054515
"73",900001,950001,925001,0.0235133333333333,0.00648666666666667,0.672679662496363,0.0458266666666667
"74",912501,962501,937501,0.0235533333333333,0.0069,0.640951070937316,0.0424083333333333
"75",925001,975001,950001,0.02562,0.00599,0.619492817590884,0.0415366666666667
"76",937501,987501,962501,0.02292,0.00622,0.599046002843645,0.0363383333333333
"77",950001,1000001,975001,0.02172,0.00378,0.680451127819549,0.0399
"78",962501,1012501,987501,0.01918,0.00505333333333333,0.651235308227393,0.0347416666666667
"79",975001,1025001,1000001,0.0190733333333333,0.00575333333333333,0.650208209399167,0.0354877777777778
"80",987501,1037501,1012501,0.02418,0.00647,0.64957634116287,0.0437327777777778
"81",1000001,1050001,1025001,0.02236,0.00583,0.689681743682575,0.0454211111111111
"82",1012501,1062501,1037501,0.0241,0.00437,0.719024486528571,0.0506627777777778
"83",1025001,1075001,1050001,0.02042,0.00367666666666667,0.701982932761677,0.0404283333333333
"84",1037501,1087501,1062501,0.0213733333333333,0.00400666666666667,0.695301870181149,0.0416477777777778
"85",1050001,1100001,1075001,0.0251533333333333,0.00633333333333333,0.569860809641627,0.0366005555555556
"86",1062501,1112501,1087501,0.02174,0.0066,0.582094932249766,0.0339072222222222
"87",1075001,1125001,1100001,0.0261933333333333,0.00636333333333333,0.635577831948659,0.0446688888888889
"88",1087501,1137501,1112501,0.0240933333333333,0.00706,0.649809529757072,0.0444805555555556
"89",1100001,1150001,1125001,0.0178733333333333,0.00541333333333333,0.719501585984448,0.0415094444444444
"90",1112501,1162501,1137501,0.02388,0.00978666666666667,0.615003430662499,0.0437233333333333
"91",1125001,1175001,1150001,0.02318,0.0113133333333333,0.568155577503582,0.0399372222222222
"92",1137501,1187501,1162501,0.0198666666666667,0.00998333333333333,0.606264014890592,0.0379061111111111
"93",1150001,1200001,1175001,0.0226733333333333,0.00983,0.653367617783676,0.0468844444444444
"94",1162501,1212501,1187501,0.0198666666666667,0.00503,0.744503990877993,0.0487222222222222
"95",1175001,1225001,1200001,0.0209266666666667,0.00372666666666667,0.754953283413955,0.0503033333333333
"96",1187501,1237501,1212501,0.0198466666666667,0.00527,0.722641439982332,0.0452783333333333
"97",1200001,1250001,1225001,0.0196333333333333,0.00580333333333333,0.669806150118271,0.0385177777777778
"98",1212501,1262501,1237501,0.0171133333333333,0.00588,0.683049731203382,0.0362727777777778
"99",1225001,1275001,1250001,0.01314,0.00605333333333333,0.756960956735842,0.0394861111111111
"100",1237501,1287501,1262501,0.0158,0.00569,0.759488161559889,0.0446755555555556
"101",1250001,1300001,1275001,0.01332,0.00595666666666667,0.752725873348441,0.0389783333333333
"102",1262501,1312501,1287501,0.0149066666666667,0.00707,0.724806255478413,0.0399294444444444
"103",1275001,1325001,1300001,0.0181266666666667,0.00779,0.683578647493726,0.0409527777777778
"104",1287501,1337501,1312501,0.0155466666666667,0.00574,0.731950973807925,0.0397066666666667
"105",1300001,1350001,1325001,0.01806,0.00495666666666667,0.751776449019208,0.0463627777777778
"106",1312501,1362501,1337501,0.0171866666666667,0.00677666666666667,0.73873382759122,0.04586
"107",1325001,1375001,1350001,0.01816,0.00720333333333333,0.699617069993289,0.0422183333333333
"108",1337501,1387501,1362501,0.0250466666666667,0.01339,0.569433553638774,0.044635
"109",1350001,1400001,1375001,0.0255466666666667,0.0151466666666667,0.593613031368937,0.0500672222222222
"110",1362501,1412501,1387501,0.0252666666666667,0.01812,0.569775897401996,0.0504233333333333
"111",1375001,1425001,1400001,0.0261533333333333,0.0191433333333333,0.545741219468711,0.0498577777777778
"112",1387501,1437501,1412501,0.0187466666666667,0.01667,0.580911935628073,0.0422544444444444
"113",1400001,1450001,1425001,0.0169533333333333,0.01553,0.487842051785151,0.0317122222222222
"114",1412501,1462501,1437501,0.01772,0.01215,0.493690673497062,0.0294977777777778
"115",1425001,1475001,1450001,0.01384,0.0112433333333333,0.569483380056067,0.0291316666666667
"116",1437501,1487501,1462501,0.01486,0.00781333333333333,0.652746579538493,0.0326466666666667
"117",1450001,1500001,1475001,0.01782,0.00847666666666667,0.646682093005897,0.0372138888888889
"118",1462501,1512501,1487501,0.0169466666666667,0.00709666666666667,0.69375451110262,0.039255
"119",1475001,1525001,1500001,0.0177333333333333,0.00534666666666667,0.684699453551913,0.0366
"120",1487501,1537501,1512501,0.0201066666666667,0.00580666666666667,0.692848676412485,0.0421833333333333
"121",1500001,1550001,1525001,0.0194266666666667,0.00455,0.747938324962037,0.0475611111111111
"122",1512501,1562501,1537501,0.0206266666666667,0.00547333333333333,0.707519330618953,0.0446183333333333
"123",1525001,1575001,1550001,0.01726,0.00508333333333333,0.717518648067765,0.0395483333333333
"124",1537501,1587501,1562501,0.0152666666666667,0.00446,0.731476019783112,0.0367316666666667
"125",1550001,1600001,1575001,0.01448,0.00453666666666667,0.674465049928673,0.0292083333333333
"126",1562501,1612501,1587501,0.0153866666666667,0.00488333333333333,0.655759977356354,0.0294416666666667
"127",1575001,1625001,1600001,0.02222,0.00950333333333333,0.589010925736659,0.0385938888888889
"128",1587501,1637501,1612501,0.0230533333333333,0.01056,0.515332115735845,0.0346766666666667
"129",1600001,1650001,1625001,0.02164,0.0100833333333333,0.631552458381727,0.04305
"130",1612501,1662501,1637501,0.01906,0.00828333333333333,0.70256354472606,0.045965
"131",1625001,1675001,1650001,0.0154733333333333,0.0039,0.78228676314508,0.0444927777777778
"132",1637501,1687501,1662501,0.0175133333333333,0.00530666666666667,0.758305383936452,0.0472083333333333
"133",1650001,1700001,1675001,0.0179866666666667,0.00567666666666667,0.678632865550023,0.0368166666666667
"134",1662501,1712501,1687501,0.01714,0.00555333333333333,0.677009203909289,0.03513
"135",1675001,1725001,1700001,0.01796,0.00731333333333333,0.68188302425107,0.0397233333333333
"136",1687501,1737501,1712501,0.0148733333333333,0.00656,0.733224539470045,0.0401711111111111
"137",1700001,1750001,1725001,0.0166733333333333,0.00655,0.759407410818091,0.0482627777777778
"138",1712501,1762501,1737501,0.0169466666666667,0.00663333333333333,0.755931501650355,0.0483061111111111
"139",1725001,1775001,1750001,0.0159066666666667,0.00518333333333333,0.775316942672143,0.0469327777777778
"140",1737501,1787501,1762501,0.0163333333333333,0.00355666666666667,0.755490903130634,0.0406733333333333
"141",1750001,1800001,1775001,0.0176733333333333,0.00411,0.753098080701224,0.0441133333333333
"142",1762501,1812501,1787501,0.0186666666666667,0.00481666666666667,0.727339577366669,0.0430633333333333
"143",1775001,1825001,1800001,0.01966,0.00404666666666667,0.610408107367844,0.030425
"144",1787501,1837501,1812501,0.0195266666666667,0.00507333333333333,0.674961462232988,0.0378416666666667
"145",1800001,1850001,1825001,0.0176,0.00472666666666667,0.687855345325753,0.0357633333333333
"146",1812501,1862501,1837501,0.0204733333333333,0.00371666666666667,0.694450682086117,0.0395844444444444
"147",1825001,1875001,1850001,0.0164466666666667,0.00433333333333333,0.74015977770059,0.0399861111111111
"148",1837501,1887501,1862501,0.0168,0.00318666666666667,0.688352189053864,0.0320661111111111
"149",1850001,1900001,1875001,0.0143266666666667,0.00284333333333333,0.597063961826289,0.0213061111111111
"150",1862501,1912501,1887501,0.0120266666666667,0.00256666666666667,0.605443403028118,0.0184933333333333
"151",1875001,1925001,1900001,0.01482,0.00358666666666667,0.634361136248262,0.0251705555555556
"152",1887501,1937501,1912501,0.01702,0.00578333333333333,0.653005325893989,0.0328583333333333
"153",1900001,1950001,1925001,0.0205133333333333,0.00693666666666667,0.671977693686517,0.0418416666666667
"154",1912501,1962501,1937501,0.0179133333333333,0.00909333333333333,0.601906446540881,0.03392
"155",1925001,1975001,1950001,0.0209133333333333,0.00940333333333333,0.550079150451817,0.0336911111111111
"156",1937501,1987501,1962501,0.0153733333333333,0.00690666666666667,0.524067217317004,0.0234066666666667
"157",1950001,2000001,1975001,0.01412,0.00529333333333333,0.541128269776237,0.0211533333333333
"158",1962501,2012501,1987501,0.01566,0.00347666666666667,0.688834688346883,0.03075
"159",1975001,2025001,2000001,0.01406,0.00227666666666667,0.781254184333854,0.0373416666666667
"160",1987501,2037501,2012501,0.0180266666666667,0.00448333333333333,0.750581717451524,0.045125
"161",2000001,2050001,2025001,0.0204,0.00562666666666667,0.717224395190497,0.04602
"162",2012501,2062501,2037501,0.0208466666666667,0.00728,0.662506999440045,0.04167
"163",2025001,2075001,2050001,0.0208866666666667,0.00684,0.662222342542334,0.0410427777777778
"164",2037501,2087501,2062501,0.0227333333333333,0.00643333333333333,0.67741935483871,0.0452083333333333
"165",2050001,2100001,2075001,0.0177333333333333,0.00630666666666667,0.674445898975308,0.0369216666666667
"166",2062501,2112501,2087501,0.01318,0.00359,0.705255140898705,0.0284483333333333
"167",2075001,2125001,2100001,0.0099,0.00457,0.591755485893417,0.0177222222222222
"168",2087501,2137501,2112501,0.00376666666666667,0.00279666666666667,0.371328224776501,0.00522
"169",2100001,2150001,2125001,0.00220666666666667,0.00144666666666667,0.501137915339099,0.00366166666666667
"170",2112501,2162501,2137501,0.00778,0.00520333333333333,0.463128876636802,0.0120916666666667
"171",2125001,2175001,2150001,0.0108333333333333,0.00495666666666667,0.64569049340547,0.0222827777777778
"172",2137501,2187501,2162501,0.0159333333333333,0.0073,0.69129696611796,0.0376305555555556
"173",2150001,2200001,2175001,0.0225533333333333,0.00837333333333333,0.693919966570263,0.0505205555555556
"174",2162501,2212501,2187501,0.02112,0.00567666666666667,0.742653178820667,0.0520633333333333
"175",2175001,2225001,2200001,0.01992,0.00497666666666667,0.719435540418712,0.0443688888888889
"176",2187501,2237501,2212501,0.0209,0.00428666666666667,0.692065260212191,0.0408961111111111
"177",2200001,2250001,2225001,0.0175533333333333,0.00373333333333333,0.704666327521621,0.0360383333333333
"178",2212501,2262501,2237501,0.0163133333333333,0.00315333333333333,0.732101899140646,0.0363322222222222
"179",2225001,2275001,2250001,0.0167466666666667,0.00415,0.747159969347835,0.0413238888888889
"180",2237501,2287501,2262501,0.0172733333333333,0.00453333333333333,0.752293925357499,0.0440172222222222
"181",2250001,2300001,2275001,0.0224066666666667,0.0056,0.705781419616907,0.047595
"182",2262501,2312501,2287501,0.0232866666666667,0.00604,0.686215300481484,0.0467305555555556
"183",2275001,2325001,2300001,0.02226,0.00626,0.713398838767307,0.0497555555555556
"184",2287501,2337501,2312501,0.02052,0.00627,0.729442524350285,0.0495088888888889
"185",2300001,2350001,2325001,0.0178,0.00603666666666667,0.761929598721591,0.0500622222222222
"186",2312501,2362501,2337501,0.0206266666666667,0.00671,0.735625020148075,0.0517005555555556
"187",2325001,2375001,2350001,0.0204,0.00601,0.739352136152294,0.0506622222222222
"188",2337501,2387501,2362501,0.0202866666666667,0.00601666666666667,0.738052294379959,0.0502072222222222
"189",2350001,2400001,2375001,0.0196866666666667,0.00530666666666667,0.744847378032872,0.0489772222222222
"190",2362501,2412501,2387501,0.0194333333333333,0.00423,0.773260084959596,0.0521816666666667
"191",2375001,2425001,2400001,0.0210466666666667,0.00529666666666667,0.736750941007961,0.050035
"192",2387501,2437501,2412501,0.0198,0.00431,0.759677044223677,0.0501616666666667
"193",2400001,2450001,2425001,0.0197533333333333,0.00410333333333333,0.770078386019018,0.05188
"194",2412501,2462501,2437501,0.0188933333333333,0.00586666666666667,0.746666211930016,0.0488683333333333
"195",2425001,2475001,2450001,0.01882,0.00486333333333333,0.765038526406296,0.0503983333333333
"196",2437501,2487501,2462501,0.0190133333333333,0.00431333333333333,0.758806093609981,0.0483566666666667
"197",2450001,2500001,2475001,0.0200133333333333,0.00549,0.730475217529151,0.0473116666666667
"198",2462501,2512501,2487501,0.0154933333333333,0.00415333333333333,0.746178028508677,0.0387016666666667
"199",2475001,2525001,2500001,0.01404,0.00497333333333333,0.748423234684426,0.0377883333333333
"200",2487501,2537501,2512501,0.0156,0.00524,0.698829423382629,0.0345983333333333
"201",2500001,2550001,2525001,0.0131333333333333,0.00427,0.68365244789142,0.0275066666666667
"202",2512501,2562501,2537501,0.01722,0.0043,0.71650638914504,0.037955
"203",2525001,2575001,2550001,0.0209266666666667,0.00582666666666667,0.63468920210587,0.0366172222222222
"204",2537501,2587501,2562501,0.0194533333333333,0.00686666666666667,0.64160135564499,0.0367188888888889
"205",2550001,2600001,2575001,0.02148,0.008,0.679569087329863,0.0460005555555556
"206",2562501,2612501,2587501,0.0190133333333333,0.00795666666666667,0.692384706046358,0.0438372222222222
"207",2575001,2625001,2600001,0.01542,0.00828333333333333,0.750805999439305,0.04756
"208",2587501,2637501,2612501,0.0170133333333333,0.00948333333333333,0.71021836608217,0.0457183333333333
"209",2600001,2650001,2625001,0.01718,0.00916333333333333,0.702413676243552,0.0442616666666667
"210",2612501,2662501,2637501,0.0169266666666667,0.0108666666666667,0.647441860465116,0.0394166666666667
"211",2625001,2675001,2650001,0.023,0.00799,0.620613199847652,0.0408422222222222
"212",2637501,2687501,2662501,0.0235333333333333,0.00809666666666667,0.622223106935266,0.0418633333333333
"213",2650001,2700001,2675001,0.0243666666666667,0.00997333333333333,0.590410305343511,0.04192
"214",2662501,2712501,2687501,0.0268333333333333,0.00743666666666667,0.572284394891209,0.0400616666666667
"215",2675001,2725001,2700001,0.0208133333333333,0.00873,0.61254080205176,0.0381244444444444
"216",2687501,2737501,2712501,0.0177133333333333,0.00590666666666667,0.684940642923836,0.037485
"217",2700001,2750001,2725001,0.0159733333333333,0.00328,0.757951640615178,0.0397716666666667
"218",2712501,2762501,2737501,0.0143133333333333,0.00354333333333333,0.791296556023064,0.04278
"219",2725001,2775001,2750001,0.0150933333333333,0.00238666666666667,0.789185929648241,0.0414583333333333
"220",2737501,2787501,2762501,0.0158333333333333,0.00575,0.738735709482179,0.0413055555555556
"221",2750001,2800001,2775001,0.0141933333333333,0.00732,0.684683657682599,0.0341138888888889
"222",2762501,2812501,2787501,0.01576,0.00995666666666667,0.645721720495944,0.0362944444444444
"223",2775001,2825001,2800001,0.01582,0.01072,0.627659740300229,0.0356394444444444
"224",2787501,2837501,2812501,0.0182933333333333,0.0081,0.669463577541223,0.039925
"225",2800001,2850001,2825001,0.0150733333333333,0.00582333333333333,0.677852004110997,0.0324333333333333
"226",2812501,2862501,2837501,0.01036,0.00282666666666667,0.708767882996736,0.0226394444444444
"227",2825001,2875001,2850001,0.00608,0.00109,0.690577799088947,0.0115861111111111
"228",2837501,2887501,2862501,0,0,1,0.00012
"229",2850001,2900001,2875001,0.00714666666666667,0.00153333333333333,0.606646525679758,0.0110333333333333
"230",2862501,2912501,2887501,0.0119266666666667,0.00213333333333333,0.651865302079894,0.0201933333333333
"231",2875001,2925001,2900001,0.0183133333333333,0.00339666666666667,0.685052950563355,0.0344661111111111
"232",2887501,2937501,2912501,0.02008,0.00360666666666667,0.691963124584574,0.0384477777777778
"233",2900001,2950001,2925001,0.0184933333333333,0.00271666666666667,0.705911352817021,0.0360605555555556
"234",2912501,2962501,2937501,0.0161666666666667,0.00253,0.74844149437144,0.0371616666666667
"235",2925001,2975001,2950001,0.01534,0.00307,0.736539990459532,0.0349388888888889
"236",2937501,2987501,2962501,0.0188533333333333,0.00436666666666667,0.730334468875813,0.0430533333333333
"237",2950001,3000001,2975001,0.0175333333333333,0.00518333333333333,0.751781660130878,0.0457594444444444
"238",2962501,3012501,2987501,0.02018,0.0058,0.734198799563478,0.0488711111111111
"239",2975001,3025001,3000001,0.01662,0.00420666666666667,0.770864149236581,0.0454461111111111
"240",2987501,3037501,3012501,0.0206066666666667,0.00528333333333333,0.711246049941136,0.0448305555555556
"241",3000001,3050001,3025001,0.01936,0.00416,0.709569870343692,0.0404916666666667
"242",3012501,3062501,3037501,0.01874,0.00566666666666667,0.639458350430858,0.0338472222222222
"243",3025001,3075001,3050001,0.02118,0.00846,0.591673044543089,0.0362944444444444
"244",3037501,3087501,3062501,0.0156133333333333,0.00624666666666667,0.672906829819778,0.0334155555555556
"245",3050001,3100001,3075001,0.0216933333333333,0.00964333333333333,0.59580078824794,0.0387638888888889
"246",3062501,3112501,3087501,0.0273,0.00934333333333333,0.59498194679832,0.0452366666666667
"247",3075001,3125001,3100001,0.02838,0.00784,0.614320701364158,0.0469561111111111
"248",3087501,3137501,3112501,0.03004,0.00944,0.615600151457781,0.0513527777777778
"249",3100001,3150001,3125001,0.02246,0.00742333333333333,0.665543313353396,0.0446744444444444
"250",3112501,3162501,3137501,0.02062,0.00658,0.676091932730857,0.0419872222222222
"251",3125001,3175001,3150001,0.02302,0.00591666666666667,0.627446211947814,0.0388355555555556
"252",3137501,3187501,3162501,0.0195066666666667,0.00464,0.589915839529003,0.0294411111111111
"253",3150001,3200001,3175001,0.0215066666666667,0.00324333333333333,0.594675740592474,0.0305311111111111
"254",3162501,3212501,3187501,0.01326,0.00185,0.622575004856929,0.0200172222222222
"255",3175001,3225001,3200001,0.00857333333333333,0.00182666666666667,0.725005141463701,0.0189094444444444
"256",3187501,3237501,3212501,0.0108266666666667,0.00253333333333333,0.764110411394268,0.0283183333333333
"257",3200001,3250001,3225001,0.0113666666666667,0.00421666666666667,0.801106147628164,0.039175
"258",3212501,3262501,3237501,0.0186933333333333,0.00508333333333333,0.765431286790095,0.0506816666666667
"259",3225001,3275001,3250001,0.0223,0.00531333333333333,0.748104601662275,0.0548111111111111
"260",3237501,3287501,3262501,0.0241733333333333,0.00546333333333333,0.711012156276409,0.0512766666666667
"261",3250001,3300001,3275001,0.02624,0.00655,0.632929498980049,0.0446644444444444
"262",3262501,3312501,3287501,0.01974,0.00574666666666667,0.638344501379582,0.0352361111111111
"263",3275001,3325001,3300001,0.0129,0.00580333333333333,0.64457347972973,0.0263111111111111
"264",3287501,3337501,3312501,0.00778,0.00505666666666667,0.670262864971316,0.019465
"265",3300001,3350001,3325001,0.00468,0.00239333333333333,0.75446445790103,0.0144038888888889
"266",3312501,3362501,3337501,0.01168,0.00607666666666667,0.633983784526591,0.0242566666666667
"267",3325001,3375001,3350001,0.01778,0.0055,0.593157148682499,0.0286105555555556
"268",3337501,3387501,3362501,0.0229533333333333,0.00633333333333333,0.627554048325562,0.0393166666666667
"269",3350001,3400001,3375001,0.0241533333333333,0.00714,0.626689995228249,0.0419133333333333
"270",3362501,3412501,3387501,0.0197266666666667,0.00524333333333333,0.667583758597737,0.0375583333333333
"271",3375001,3425001,3400001,0.0179933333333333,0.00651333333333333,0.661971830985915,0.0362494444444444
"272",3387501,3437501,3412501,0.01424,0.00631,0.658663073970176,0.0301022222222222
"273",3400001,3450001,3425001,0.0143266666666667,0.00601666666666667,0.70332501539359,0.0342855555555556
"274",3412501,3462501,3437501,0.01592,0.00442333333333333,0.725494017811628,0.0370544444444444
"275",3425001,3475001,3450001,0.0154,0.00500333333333333,0.758927164837473,0.0423177777777778
"276",3437501,3487501,3462501,0.0132666666666667,0.00593,0.781591322815534,0.0439466666666667
"277",3450001,3500001,3475001,0.00898,0.00973,0.756507027589797,0.03842
"278",3462501,3512501,3487501,0.0042,0.00969,0.756543584949755,0.0285266666666667
"279",3475001,3525001,3500001,0.00413333333333333,0.00804,0.763410209898937,0.0257266666666667
"280",3487501,3537501,3512501,0.00839333333333333,0.00626333333333333,0.662055184075014,0.021685
"281",3500001,3550001,3525001,0.0149666666666667,0.00238666666666667,0.669285336156697,0.0262361111111111
"282",3512501,3562501,3537501,0.0198,0.00254333333333333,0.72069281626757,0.0399977777777778
"283",3525001,3575001,3550001,0.0194266666666667,0.00264666666666667,0.706679659815734,0.0376266666666667
"284",3537501,3587501,3562501,0.01748,0.00508,0.715391084945332,0.0396333333333333
"285",3550001,3600001,3575001,0.01482,0.00584,0.718554173099628,0.0367033333333333
"286",3562501,3612501,3587501,0.0145666666666667,0.00724333333333333,0.643472101133391,0.0305866666666667
"287",3575001,3625001,3600001,0.0174,0.00825666666666667,0.58944224170119,0.0312461111111111
"288",3587501,3637501,3612501,0.0209333333333333,0.00669333333333333,0.632227432070644,0.0375594444444444
"289",3600001,3650001,3625001,0.0207866666666667,0.00619666666666667,0.683826114127251,0.0426716666666667
"290",3612501,3662501,3637501,0.0250133333333333,0.00501333333333333,0.716572099803874,0.0529705555555556
"291",3625001,3675001,3650001,0.022,0.00475333333333333,0.773394193214437,0.0590305555555556
"292",3637501,3687501,3662501,0.0199533333333333,0.00377,0.791616240484091,0.0569222222222222
"293",3650001,3700001,3675001,0.0206733333333333,0.00413666666666667,0.774066578973996,0.0549055555555556
"294",3662501,3712501,3687501,0.01812,0.00493333333333333,0.765673175745118,0.0491905555555556
"295",3675001,3725001,3700001,0.01918,0.00433333333333333,0.767504202326936,0.0505672222222222
"296",3687501,3737501,3712501,0.0194066666666667,0.00628666666666667,0.763374401375302,0.0542911111111111
"297",3700001,3750001,3725001,0.0211,0.00551333333333333,0.740532108501603,0.0512844444444444
"298",3712501,3762501,3737501,0.0208,0.00637333333333333,0.729654440538569,0.0502566666666667
"299",3725001,3775001,3750001,0.0253866666666667,0.00766666666666667,0.65176878233793,0.0474588888888889
"300",3737501,3787501,3762501,0.0297266666666667,0.00871666666666667,0.542068691681556,0.041975
"301",3750001,3800001,3775001,0.0287933333333333,0.00916666666666667,0.524370379651673,0.039905
"302",3762501,3812501,3787501,0.02706,0.0085,0.515685295319381,0.0367116666666667
"303",3775001,3825001,3800001,0.0221866666666667,0.00671,0.605176863519053,0.0365944444444444
"304",3787501,3837501,3812501,0.01786,0.00449,0.758000481231954,0.0461777777777778
"305",3800001,3850001,3825001,0.01806,0.00433666666666667,0.77902145433417,0.0506761111111111
"306",3812501,3862501,3837501,0.01852,0.00367,0.768998542577556,0.04803
"307",3825001,3875001,3850001,0.0201266666666667,0.00551,0.735837607620443,0.0485244444444444
"308",3837501,3887501,3862501,0.0188333333333333,0.00546333333333333,0.696881064596618,0.0400777777777778
"309",3850001,3900001,3875001,0.0203,0.00732,0.650929618603606,0.0395622222222222
"310",3862501,3912501,3887501,0.01956,0.00778333333333333,0.677280178348961,0.0423638888888889
"311",3875001,3925001,3900001,0.01998,0.00739333333333333,0.681433780743269,0.0429633333333333
"312",3887501,3937501,3912501,0.02128,0.00759333333333333,0.671545578644016,0.0439533333333333
"313",3900001,3950001,3925001,0.0185933333333333,0.00704666666666667,0.723432050529142,0.0463538888888889
"314",3912501,3962501,3937501,0.01686,0.00662333333333333,0.755478168313395,0.0480188888888889
"315",3925001,3975001,3950001,0.0154666666666667,0.00641666666666667,0.762933628638147,0.0461544444444444
"316",3937501,3987501,3962501,0.0149666666666667,0.00607666666666667,0.742235348558674,0.0408188888888889
"317",3950001,4000001,3975001,0.01074,0.00375,0.738500100260678,0.0277055555555556
"318",3962501,4012501,3987501,0.00832,0.00279333333333333,0.681119683733979,0.0174255555555556
"319",3975001,4025001,4000001,0.00368666666666667,0.00106666666666667,0.612990772571015,0.00614111111111111
"320",3987501,4037501,4012501,0.00175333333333333,0.000606666666666667,0.362545018007203,0.00185111111111111
"321",4000001,4050001,4025001,0.0114133333333333,0.00466333333333333,0.305510223672843,0.0115744444444444
"322",4012501,4062501,4037501,0.01436,0.00567333333333333,0.480208723729351,0.0192705555555556
"323",4025001,4075001,4050001,0.02144,0.00938,0.498888949108449,0.0307516666666667
"324",4037501,4087501,4062501,0.0225533333333333,0.00957,0.60538600131033,0.0407022222222222
"325",4050001,4100001,4075001,0.0176133333333333,0.00739333333333333,0.71237235932368,0.0434705555555556
"326",4062501,4112501,4087501,0.0168333333333333,0.00750333333333333,0.703126906030171,0.0409883333333333
"327",4075001,4125001,4100001,0.0115466666666667,0.00450666666666667,0.761560550549559,0.0336633333333333
"328",4087501,4137501,4112501,0.01076,0.00396666666666667,0.715408399896934,0.0258733333333333
"329",4100001,4150001,4125001,0.0108666666666667,0.00330333333333333,0.731798107255521,0.0264166666666667
"330",4112501,4162501,4137501,0.0153733333333333,0.00535666666666667,0.694932714161911,0.0339761111111111
"331",4125001,4175001,4150001,0.02014,0.00717666666666667,0.667940787163348,0.0411322222222222
"332",4137501,4187501,4162501,0.0229866666666667,0.00943,0.665581549959308,0.0484672222222222
"333",4150001,4200001,4175001,0.0193133333333333,0.00861333333333333,0.657947740881873,0.0408222222222222
"334",4162501,4212501,4187501,0.01736,0.00602333333333333,0.696771032952466,0.0385572222222222
"335",4175001,4225001,4200001,0.0156933333333333,0.00464,0.760859338246825,0.0425133333333333
"336",4187501,4237501,4212501,0.0140933333333333,0.00393,0.800464978965237,0.0451633333333333
"337",4200001,4250001,4225001,0.01698,0.00488666666666667,0.806882746033148,0.056615
"338",4212501,4262501,4237501,0.0173333333333333,0.00554333333333333,0.812072144434911,0.0608655555555556
"339",4225001,4275001,4250001,0.0181933333333333,0.00694,0.774714658486545,0.0557811111111111
"340",4237501,4287501,4262501,0.01766,0.00603,0.745803328723353,0.0465977777777778
"341",4250001,4300001,4275001,0.0157066666666667,0.00516333333333333,0.696239993531172,0.0343527777777778
"342",4262501,4312501,4287501,0.0172666666666667,0.00481666666666667,0.617494226327945,0.0288666666666667
"343",4275001,4325001,4300001,0.0159866666666667,0.00439333333333333,0.626458668513125,0.0272794444444444
"344",4287501,4337501,4312501,0.0178733333333333,0.00495,0.676167804385868,0.0352394444444444
"345",4300001,4350001,4325001,0.0205333333333333,0.00563333333333333,0.671323498625281,0.0398061111111111
"346",4312501,4362501,4337501,0.01842,0.00648666666666667,0.717931294828237,0.04415
"347",4325001,4375001,4350001,0.0171866666666667,0.00521666666666667,0.783960141433623,0.05185
"348",4337501,4387501,4362501,0.0183066666666667,0.00464333333333333,0.756636386129865,0.0471516666666667
"349",4350001,4400001,4375001,0.0180066666666667,0.00514,0.732126324452217,0.0432044444444444
"350",4362501,4412501,4387501,0.0198066666666667,0.00408333333333333,0.70534870016856,0.0405394444444444
"351",4375001,4425001,4400001,0.0195533333333333,0.00449333333333333,0.653971603990791,0.0347466666666667
"352",4387501,4437501,4412501,0.0139733333333333,0.00791666666666667,0.628332107080197,0.0294483333333333
"353",4400001,4450001,4425001,0.0102133333333333,0.00895333333333333,0.66626683175979,0.0287155555555556
"354",4412501,4462501,4437501,0.00526,0.00942333333333333,0.6773681640625,0.0227555555555556
"355",4425001,4475001,4450001,0.00774,0.00884,0.673622047244094,0.0254
"356",4437501,4487501,4462501,0.0106666666666667,0.00582333333333333,0.746779504854203,0.0325605555555556
"357",4450001,4500001,4475001,0.0140933333333333,0.00368333333333333,0.787213385114646,0.0417711111111111
"358",4462501,4512501,4487501,0.0176,0.00344333333333333,0.782712451669898,0.0484227777777778
"359",4475001,4525001,4500001,0.01558,0.00471666666666667,0.746678685341839,0.0400611111111111
"360",4487501,4537501,4512501,0.01928,0.00612666666666667,0.69030527941057,0.0410188888888889
"361",4500001,4550001,4525001,0.0196,0.00652,0.676732673267327,0.0404
"362",4512501,4562501,4537501,0.0176333333333333,0.00679333333333333,0.648627049835374,0.0347588888888889
"363",4525001,4575001,4550001,0.01674,0.00633333333333333,0.683295459744696,0.0364272222222222
"364",4537501,4587501,4562501,0.01526,0.00616333333333333,0.72740767969236,0.0392955555555556
"365",4550001,4600001,4575001,0.01602,0.00920333333333333,0.671813332176779,0.0384283333333333
"366",4562501,4612501,4587501,0.01854,0.00986666666666667,0.683208802646742,0.044835
"367",4575001,4625001,4600001,0.0191133333333333,0.00963,0.701935706878673,0.0482166666666667
"368",4587501,4637501,4612501,0.0161666666666667,0.00752333333333333,0.715355655238705,0.0416133333333333
"369",4600001,4650001,4625001,0.01506,0.00498333333333333,0.765642051655147,0.0427622222222222
"370",4612501,4662501,4637501,0.01502,0.00428,0.772232566678031,0.0423677777777778
"371",4625001,4675001,4650001,0.0167866666666667,0.00444,0.755600189338212,0.0434261111111111
"372",4637501,4687501,4662501,0.0221266666666667,0.00590333333333333,0.705302384262234,0.0475572222222222
"373",4650001,4700001,4675001,0.0234,0.00501,0.621037186346727,0.0374838888888889
"374",4662501,4712501,4687501,0.0271666666666667,0.00563,0.566761092601019,0.0378505555555556
"375",4675001,4725001,4700001,0.02372,0.00447,0.525189953961897,0.0296855555555556
"376",4687501,4737501,4712501,0.0209666666666667,0.00326333333333333,0.589746966418963,0.0295305555555556
"377",4700001,4750001,4725001,0.0211333333333333,0.00353666666666667,0.616813074918454,0.0321905555555556
"378",4712501,4762501,4737501,0.02076,0.00429666666666667,0.601050843859463,0.0314033333333333
"379",4725001,4775001,4750001,0.02594,0.00533333333333333,0.636342493895112,0.0429983333333333
"380",4737501,4787501,4762501,0.0260066666666667,0.00603333333333333,0.632423612793025,0.0435827777777778
"381",4750001,4800001,4775001,0.02696,0.00609666666666667,0.666517211617141,0.0495627777777778
"382",4762501,4812501,4787501,0.01896,0.00391666666666667,0.70778750762855,0.0391438888888889
"383",4775001,4825001,4800001,0.0137466666666667,0.00383666666666667,0.676763756689407,0.0271988888888889
"384",4787501,4837501,4812501,0.01458,0.0037,0.708070125629924,0.0313088888888889
"385",4800001,4850001,4825001,0.0127333333333333,0.00317666666666667,0.741165199472172,0.0307338888888889
"386",4812501,4862501,4837501,0.0178,0.00441666666666667,0.738107088594331,0.0424155555555556
"387",4825001,4875001,4850001,0.0215133333333333,0.00437666666666667,0.737613170577902,0.0493355555555556
"388",4837501,4887501,4862501,0.0192466666666667,0.00370333333333333,0.730644340988224,0.0426016666666667
"389",4850001,4900001,4875001,0.0146333333333333,0.00332333333333333,0.712815865230835,0.0312633333333333
"390",4862501,4912501,4887501,0.0094,0.00269666666666667,0.682835168676805,0.01907
"391",4875001,4925001,4900001,0.00507333333333333,0.00305,0.788760473851488,0.0192277777777778
"392",4887501,4937501,4912501,0.00522,0.00310333333333333,0.816243928764166,0.0226477777777778
"393",4900001,4950001,4925001,0.00879333333333333,0.00363666666666667,0.827222462469883,0.0359711111111111
"394",4912501,4962501,4937501,0.01574,0.00689666666666667,0.756510618971926,0.0464838888888889
"395",4925001,4975001,4950001,0.0197133333333333,0.00722333333333333,0.701562173008506,0.0451294444444444
"396",4937501,4987501,4962501,0.01686,0.00676666666666667,0.658913733919348,0.0346344444444444
"397",4950001,5000001,4975001,0.0166,0.00681333333333333,0.590811115210595,0.0286094444444444
"398",4962501,5012501,4987501,0.01424,0.00328666666666667,0.716136694919829,0.0308716666666667
"399",4975001,5025001,5000001,0.0109666666666667,0.00160333333333333,0.787716730466111,0.0296066666666667
"400",4987501,5037501,5012501,0.01282,0.00191333333333333,0.820076528535374,0.0409433333333333
"401",5000001,5050001,5025001,0.0117333333333333,0.00238,0.830416149317099,0.0416116666666667
"402",5012501,5062501,5037501,0.0103,0.00305333333333333,0.840461967343688,0.04185
"403",5025001,5075001,5050001,0.0139066666666667,0.00325333333333333,0.811807713397916,0.0455916666666667
"404",5037501,5087501,5062501,0.0137,0.00369,0.781156927723478,0.0397316666666667
"405",5050001,5100001,5075001,0.01492,0.00406666666666667,0.779219101268767,0.0429988888888889
"406",5062501,5112501,5087501,0.0153466666666667,0.00320666666666667,0.784341581856693,0.0430155555555556
"407",5075001,5125001,5100001,0.0156866666666667,0.00387666666666667,0.789304262499102,0.0464255555555556
"408",5087501,5137501,5112501,0.014,0.00324666666666667,0.791659396265922,0.0413905555555556
"409",5100001,5150001,5125001,0.0137533333333333,0.00288,0.783260218042827,0.0383716666666667
"410",5112501,5162501,5137501,0.0120933333333333,0.00332666666666667,0.784385924027033,0.0357583333333333
"411",5125001,5175001,5150001,0.00904666666666667,0.00306,0.827080556084555,0.0350066666666667
"412",5137501,5187501,5162501,0.0128666666666667,0.00345666666666667,0.823174694879757,0.0461566666666667
"413",5150001,5200001,5175001,0.0141333333333333,0.00350333333333333,0.830324215117211,0.0519716666666667
"414",5162501,5212501,5187501,0.0167333333333333,0.00358,0.807478859742421,0.0527561111111111
"415",5175001,5225001,5200001,0.0199666666666667,0.00435,0.762841352405722,0.0512666666666667
"416",5187501,5237501,5212501,0.0187333333333333,0.00499,0.767721932114882,0.0510666666666667
"417",5200001,5250001,5225001,0.0171933333333333,0.0063,0.717057634920847,0.0415161111111111
"418",5212501,5262501,5237501,0.0161266666666667,0.00651,0.701376368673321,0.0379016666666667
"419",5225001,5275001,5250001,0.0135133333333333,0.00524333333333333,0.747687018907406,0.0371694444444444
"420",5237501,5287501,5262501,0.0138733333333333,0.00446666666666667,0.75333622248457,0.0371761111111111
"421",5250001,5300001,5275001,0.0173733333333333,0.00507,0.753339846135059,0.0454944444444444
"422",5262501,5312501,5287501,0.0235733333333333,0.00822,0.678071172215159,0.0493794444444444
"423",5275001,5325001,5300001,0.02694,0.00983,0.64565487407915,0.0518844444444444
"424",5287501,5337501,5312501,0.0275933333333333,0.0140733333333333,0.588797754287469,0.0506644444444444
"425",5300001,5350001,5325001,0.0231133333333333,0.01148,0.65027801179444,0.0494583333333333
"426",5312501,5362501,5337501,0.01494,0.00753666666666667,0.769264987681358,0.0487066666666667
"427",5325001,5375001,5350001,0.01076,0.00701,0.809740777311174,0.0466994444444444
"428",5337501,5387501,5362501,0.00886666666666667,0.00278333333333333,0.88230209689731,0.0494911111111111
"429",5350001,5400001,5375001,0.00822666666666667,0.00352333333333333,0.870948452601777,0.0455244444444444
"430",5362501,5412501,5387501,0.01028,0.00387333333333333,0.842066109554393,0.0448077777777778
"431",5375001,5425001,5400001,0.0128133333333333,0.00404333333333333,0.817958194341117,0.0462988888888889
"432",5387501,5437501,5412501,0.0134466666666667,0.00431,0.803056257317148,0.0450805555555556
"433",5400001,5450001,5425001,0.0147266666666667,0.00364,0.804508254884337,0.0469755555555556
"434",5412501,5462501,5437501,0.0155266666666667,0.00456666666666667,0.804718967658334,0.0514472222222222
"435",5425001,5475001,5450001,0.0123933333333333,0.00343333333333333,0.808854117741784,0.0413994444444444
"436",5437501,5487501,5462501,0.00916,0.00261666666666667,0.786856235043337,0.0276261111111111
"437",5450001,5500001,5475001,0.00958,0.00267333333333333,0.756921177922765,0.0252044444444444
"438",5462501,5512501,5487501,0.00896,0.00203666666666667,0.772921255506608,0.0242133333333333
"439",5475001,5525001,5500001,0.00782,0.00639,0.72048345499847,0.0254188888888889
"440",5487501,5537501,5512501,0.00782,0.01583,0.660092622165442,0.0347888888888889
"441",5500001,5550001,5525001,0.00479333333333333,0.01918,0.618630136986301,0.0314305555555556
"442",5512501,5562501,5537501,0.00320666666666667,0.0188433333333333,0.583726637719464,0.026485
"443",5525001,5575001,5550001,0.00677333333333333,0.0153966666666667,0.632541436464088,0.0301666666666667
"444",5537501,5587501,5562501,0.00968666666666667,0.00651333333333333,0.68140200598737,0.0254238888888889
"445",5550001,5600001,5575001,0.0160533333333333,0.00382666666666667,0.712938005390836,0.0346266666666667
"446",5562501,5612501,5587501,0.0175466666666667,0.00707,0.708793375394322,0.0422666666666667
"447",5575001,5625001,5600001,0.0161266666666667,0.00734666666666667,0.751072253381722,0.0471488888888889
"448",5587501,5637501,5612501,0.01536,0.00730333333333333,0.755193893349656,0.0462883333333333
"449",5600001,5650001,5625001,0.0134533333333333,0.00728666666666667,0.767195899175595,0.0445438888888889
"450",5612501,5662501,5637501,0.0165933333333333,0.00458,0.729912833959323,0.0391972222222222
"451",5625001,5675001,5650001,0.01948,0.0067,0.643345846451925,0.0367022222222222
"452",5637501,5687501,5662501,0.02028,0.00773,0.66634018503567,0.0419738888888889
"453",5650001,5700001,5675001,0.01992,0.00809333333333333,0.649609472718681,0.0399744444444444
"454",5662501,5712501,5687501,0.0195066666666667,0.00838,0.654049732590836,0.0403044444444444
"455",5675001,5725001,5700001,0.0140066666666667,0.00468333333333333,0.689248106410493,0.0300722222222222
"456",5687501,5737501,5712501,0.0131666666666667,0.00369666666666667,0.633865675962559,0.0230288888888889
"457",5700001,5750001,5725001,0.01144,0.00278666666666667,0.57971442639094,0.016925
"458",5712501,5762501,5737501,0.01234,0.00304666666666667,0.578908958219303,0.01827
"459",5725001,5775001,5750001,0.0180133333333333,0.00383333333333333,0.669390637610977,0.03304
"460",5737501,5787501,5762501,0.02092,0.00531,0.674094015324084,0.0402416666666667
"461",5750001,5800001,5775001,0.0185466666666667,0.00594333333333333,0.670715310147006,0.0371866666666667
"462",5762501,5812501,5787501,0.01434,0.00478666666666667,0.726096711060194,0.034915
"463",5775001,5825001,5800001,0.0128,0.00511333333333333,0.679425742180509,0.0279394444444444
"464",5787501,5837501,5812501,0.0139133333333333,0.00450333333333333,0.726791718863322,0.0337044444444444
"465",5800001,5850001,5825001,0.0206133333333333,0.00451333333333333,0.723321995742286,0.0454077777777778
"466",5812501,5862501,5837501,0.0228866666666667,0.00438,0.718771487508595,0.0484777777777778
"467",5825001,5875001,5850001,0.0256466666666667,0.00742333333333333,0.689784559582252,0.0533016666666667
"468",5837501,5887501,5862501,0.0270333333333333,0.00858666666666667,0.644001732351667,0.0500283333333333
"469",5850001,5900001,5875001,0.0243266666666667,0.00894333333333333,0.656853082741233,0.0484777777777778
"470",5862501,5912501,5887501,0.02332,0.00913666666666667,0.651686063149862,0.0465911111111111
"471",5875001,5925001,5900001,0.02294,0.00572666666666667,0.685817969263742,0.0456211111111111
"472",5887501,5937501,5912501,0.0185866666666667,0.00399666666666667,0.752185522513625,0.045565
"473",5900001,5950001,5925001,0.0205466666666667,0.00311333333333333,0.731505882056261,0.0440605555555556
"474",5912501,5962501,5937501,0.02232,0.00411333333333333,0.712145778380079,0.0459144444444444
"475",5925001,5975001,5950001,0.0197533333333333,0.00511666666666667,0.709519174615534,0.0428083333333333
"476",5937501,5987501,5962501,0.02198,0.00469666666666667,0.697642495529305,0.0441144444444444
"477",5950001,6000001,5975001,0.0217266666666667,0.00508,0.694507052954137,0.0438744444444444
"478",5962501,6012501,5987501,0.0217066666666667,0.00550666666666667,0.697027424881555,0.0449105555555556
"479",5975001,6025001,6000001,0.0234933333333333,0.00521333333333333,0.708660351826793,0.0492666666666667
"480",5987501,6037501,6012501,0.0238666666666667,0.00600666666666667,0.685587987650856,0.0475066666666667
"481",6000001,6050001,6025001,0.0261933333333333,0.00699,0.672443103921031,0.0506527777777778
"482",6012501,6062501,6037501,0.02544,0.00634333333333333,0.683268189518674,0.0501738888888889
"483",6025001,6075001,6050001,0.0233,0.00619666666666667,0.697759409795751,0.0487966666666667
"484",6037501,6087501,6062501,0.02252,0.00722,0.65145260635735,0.0426627777777778
"485",6050001,6100001,6075001,0.0202466666666667,0.00663333333333333,0.681315207081884,0.0421733333333333
"486",6062501,6112501,6087501,0.01918,0.00816666666666667,0.65253974080244,0.0393522222222222
"487",6075001,6125001,6100001,0.0219533333333333,0.00968,0.62525174079583,0.0422061111111111
"488",6087501,6137501,6112501,0.0198066666666667,0.00797333333333333,0.668641405908314,0.0419183333333333
"489",6100001,6150001,6125001,0.01714,0.00694,0.7032411781621,0.0405716666666667
"490",6112501,6162501,6137501,0.0191333333333333,0.00666666666666667,0.676597167091464,0.0398883333333333
"491",6125001,6175001,6150001,0.0172266666666667,0.00503666666666667,0.684923105953392,0.03533
"492",6137501,6187501,6162501,0.01952,0.00622333333333333,0.700380198634388,0.04296
"493",6150001,6200001,6175001,0.0215666666666667,0.00635333333333333,0.702260770652638,0.0468866666666667
"494",6162501,6212501,6187501,0.0195,0.00650666666666667,0.697784319801673,0.0430266666666667
"495",6175001,6225001,6200001,0.0150533333333333,0.00538666666666667,0.69293940911367,0.0332833333333333
"496",6187501,6237501,6212501,0.0141733333333333,0.00556333333333333,0.680992062066736,0.0309344444444444
"497",6200001,6250001,6225001,0.00914,0.00544,0.596333097486695,0.0180594444444444
"498",6212501,6262501,6237501,0.00911333333333333,0.00510666666666667,0.636306800420586,0.0195494444444444
"499",6225001,6275001,6250001,0.01602,0.0061,0.634077750206782,0.030225
"500",6237501,6287501,6262501,0.0200466666666667,0.00598666666666667,0.629154795821462,0.0351
"501",6250001,6300001,6275001,0.02398,0.00767333333333333,0.667541924867836,0.047605
"502",6262501,6312501,6287501,0.0246133333333333,0.00791333333333333,0.666594535494231,0.0487794444444444
"503",6275001,6325001,6300001,0.0256133333333333,0.00991666666666667,0.6794510660906,0.0554205555555556
"504",6287501,6337501,6312501,0.02168,0.00877333333333333,0.69577764951383,0.0500511111111111
"505",6300001,6350001,6325001,0.0211933333333333,0.00729333333333333,0.705915415409674,0.0484327777777778
"506",6312501,6362501,6337501,0.0185933333333333,0.00649,0.748305311510503,0.0498288888888889
"507",6325001,6375001,6350001,0.0114733333333333,0.00379,0.776441486158804,0.0341372222222222
"508",6337501,6387501,6362501,0.0104866666666667,0.00368666666666667,0.817615098655991,0.0388555555555556
"509",6350001,6400001,6375001,0.0117266666666667,0.00433333333333333,0.799394881474491,0.0400288888888889
"510",6362501,6412501,6387501,0.0107333333333333,0.00296333333333333,0.788475727988743,0.0323761111111111
"511",6375001,6425001,6400001,0.0117666666666667,0.00295,0.784539553950515,0.0341516666666667
"512",6387501,6437501,6412501,0.0170666666666667,0.00573333333333333,0.611782734547931,0.029365
"513",6400001,6450001,6425001,0.0193466666666667,0.00571,0.615557714928656,0.0325883333333333
"514",6412501,6462501,6437501,0.0224866666666667,0.00621333333333333,0.646018911881595,0.0405388888888889
"515",6425001,6475001,6450001,0.0244866666666667,0.007,0.671386328057053,0.0479083333333333
"516",6437501,6487501,6462501,0.02116,0.00613,0.728727634194831,0.0503
"517",6450001,6500001,6475001,0.02264,0.00754666666666667,0.667132250238918,0.0453433333333333
"518",6462501,6512501,6487501,0.0236733333333333,0.00777333333333333,0.671059972105997,0.0478
"519",6475001,6525001,6500001,0.0229866666666667,0.00911333333333333,0.689444999838757,0.0516816666666667
"520",6487501,6537501,6512501,0.0230933333333333,0.00736,0.718580581567275,0.0541066666666667
"521",6500001,6550001,6525001,0.02182,0.00989,0.686546508945929,0.0505816666666667
"522",6512501,6562501,6537501,0.01874,0.00944,0.654910604947343,0.04083
"523",6525001,6575001,6550001,0.02272,0.00821666666666667,0.59193035423781,0.0379061111111111
"524",6537501,6587501,6562501,0.0231533333333333,0.00833666666666667,0.540284513941832,0.0342494444444444
"525",6550001,6600001,6575001,0.01978,0.00377666666666667,0.632437586685159,0.0320444444444444
"526",6562501,6612501,6587501,0.01988,0.00406,0.677725260260859,0.0371422222222222
"527",6575001,6625001,6600001,0.019,0.00463,0.692740013002962,0.0384527777777778
"528",6587501,6637501,6612501,0.0148666666666667,0.00466,0.699507557622598,0.0324911111111111
"529",6600001,6650001,6625001,0.0109666666666667,0.00428333333333333,0.724209299521762,0.0276477777777778
"530",6612501,6662501,6637501,0.0115666666666667,0.00396666666666667,0.727214189545162,0.0284716666666667
"531",6625001,6675001,6650001,0.00991333333333333,0.00317333333333333,0.752853785462481,0.0264755555555556
"532",6637501,6687501,6662501,0.0157533333333333,0.00421,0.714160714001623,0.0349205555555556
"533",6650001,6700001,6675001,0.0184066666666667,0.00477666666666667,0.754115747669609,0.0471427777777778
"534",6662501,6712501,6687501,0.0211866666666667,0.00592,0.740321670729241,0.0521927777777778
"535",6675001,6725001,6700001,0.0257333333333333,0.00616,0.697903510987623,0.0527866666666667
"536",6687501,6737501,6712501,0.02108,0.00543333333333333,0.718731213975034,0.0471316666666667
"537",6700001,6750001,6725001,0.02426,0.00714666666666667,0.645558509304309,0.0443044444444444
"538",6712501,6762501,6737501,0.02234,0.00565333333333333,0.688855406807291,0.0449844444444444
"539",6725001,6775001,6750001,0.0213933333333333,0.00869666666666667,0.657133090246126,0.04388
"540",6737501,6787501,6762501,0.0267333333333333,0.00856,0.649998898120193,0.0504188888888889
"541",6750001,6800001,6775001,0.0238733333333333,0.00628666666666667,0.705030264173087,0.0511238888888889
"542",6762501,6812501,6787501,0.0260333333333333,0.00704666666666667,0.641167182923743,0.0460938888888889
"543",6775001,6825001,6800001,0.02398,0.00354333333333333,0.711710348680229,0.0477355555555556
"544",6787501,6837501,6812501,0.01878,0.00311,0.742702660345571,0.0425383333333333
"545",6800001,6850001,6825001,0.0181866666666667,0.00356666666666667,0.707908753189013,0.0372372222222222
"546",6812501,6862501,6837501,0.0140733333333333,0.00280666666666667,0.740009925898037,0.0324627777777778
"547",6825001,6875001,6850001,0.0118333333333333,0.00287333333333333,0.76404734740445,0.0311644444444444
"548",6837501,6887501,6862501,0.0120133333333333,0.00265,0.73348546963669,0.0275094444444444
"549",6850001,6900001,6875001,0.0139733333333333,0.00297666666666667,0.69873807690029,0.0281316666666667
"550",6862501,6912501,6887501,0.0194066666666667,0.00592333333333333,0.625289699041733,0.0337994444444444
"551",6875001,6925001,6900001,0.02142,0.00738333333333333,0.618577482196457,0.0377577777777778
"552",6887501,6937501,6912501,0.0231866666666667,0.00998666666666667,0.639672693041107,0.0460322222222222
"553",6900001,6950001,6925001,0.0242133333333333,0.00942,0.677271467258034,0.0521077777777778
"554",6912501,6962501,6937501,0.0220866666666667,0.00815333333333333,0.716349310571241,0.053305
"555",6925001,6975001,6950001,0.0219933333333333,0.00775,0.716811069853058,0.052515
"556",6937501,6987501,6962501,0.0187,0.00498,0.736002378356952,0.0448488888888889
"557",6950001,7000001,6975001,0.01684,0.00566333333333333,0.754091792132103,0.0457555555555556
"558",6962501,7012501,6987501,0.01526,0.00382,0.778927854163448,0.0431533333333333
"559",6975001,7025001,7000001,0.0146266666666667,0.00436666666666667,0.751807648749891,0.0382633333333333
"560",6987501,7037501,7012501,0.0175133333333333,0.00979333333333333,0.692711654600698,0.0444316666666667
"561",7000001,7050001,7025001,0.0144266666666667,0.00935333333333333,0.640423387096774,0.0330666666666667
"562",7012501,7062501,7037501,0.0102066666666667,0.00895,0.579251775386192,0.022765
"563",7025001,7075001,7050001,0.01044,0.00739,0.645620776467471,0.0251566666666667
"564",7037501,7087501,7062501,0.01108,0.00338666666666667,0.72515409946804,0.0263177777777778
"565",7050001,7100001,7075001,0.0153866666666667,0.00359666666666667,0.738265212329187,0.0362644444444444
"566",7062501,7112501,7087501,0.0192066666666667,0.00443666666666667,0.755579549500913,0.0483661111111111
"567",7075001,7125001,7100001,0.01984,0.00669,0.725501241607652,0.0483244444444444
"568",7087501,7137501,7112501,0.0170533333333333,0.00662666666666667,0.714878189091201,0.0415261111111111
"569",7100001,7150001,7125001,0.0197133333333333,0.0106166666666667,0.610221041809458,0.0389066666666667
"570",7112501,7162501,7137501,0.0231333333333333,0.0136433333333333,0.505039478406508,0.0371511111111111
"571",7125001,7175001,7150001,0.02044,0.0116433333333333,0.51200757127647,0.0328727777777778
"572",7137501,7187501,7162501,0.0243,0.0134133333333333,0.477831451339959,0.0361122222222222
"573",7150001,7200001,7175001,0.0211933333333333,0.0099,0.616268546197515,0.0405144444444444
"574",7162501,7212501,7187501,0.0203733333333333,0.00803333333333333,0.661610546378653,0.0419733333333333
"575",7175001,7225001,7200001,0.02048,0.00752333333333333,0.708925230406763,0.0481033333333333
"576",7187501,7237501,7212501,0.01946,0.00458333333333333,0.74938037108244,0.0479677777777778
"577",7200001,7250001,7225001,0.0182333333333333,0.00470333333333333,0.752062840053328,0.046255
"578",7212501,7262501,7237501,0.0141866666666667,0.00361,0.763132209405501,0.0375666666666667
"579",7225001,7275001,7250001,0.0159933333333333,0.00631,0.674113158535596,0.0342194444444444
"580",7237501,7287501,7262501,0.0160666666666667,0.00649666666666667,0.71049142466105,0.0389683333333333
"581",7250001,7300001,7275001,0.0153466666666667,0.00679333333333333,0.69915753238518,0.0367966666666667
"582",7262501,7312501,7287501,0.0165533333333333,0.00614,0.746244735174625,0.044715
"583",7275001,7325001,7300001,0.01624,0.00364666666666667,0.78956897970701,0.0472522222222222
"584",7287501,7337501,7312501,0.0167066666666667,0.00441,0.779322116556937,0.047845
"585",7300001,7350001,7325001,0.0152066666666667,0.00279,0.784986061330147,0.04185
"586",7312501,7362501,7337501,0.0149866666666667,0.00255666666666667,0.740265508562404,0.0337716666666667
"587",7325001,7375001,7350001,0.0130866666666667,0.00241666666666667,0.746594747738913,0.03059
"588",7337501,7387501,7362501,0.00962,0.00248666666666667,0.738429037833685,0.0231422222222222
"589",7350001,7400001,7375001,0.0142133333333333,0.00298333333333333,0.748271880031879,0.0341572222222222
"590",7362501,7412501,7387501,0.0203333333333333,0.00432333333333333,0.744831313386841,0.0483144444444444
"591",7375001,7425001,7400001,0.0229133333333333,0.00541666666666667,0.702474999124824,0.0476094444444444
"592",7387501,7437501,7412501,0.0233266666666667,0.00511333333333333,0.699718442045988,0.0473555555555556
"593",7400001,7450001,7425001,0.0213866666666667,0.00540666666666667,0.692077842476249,0.0435066666666667
"594",7412501,7462501,7437501,0.0128466666666667,0.00427333333333333,0.713259514283056,0.0298527777777778
"595",7425001,7475001,7450001,0.0127866666666667,0.00482333333333333,0.69199525817673,0.0285872222222222
"596",7437501,7487501,7462501,0.0183066666666667,0.00597,0.651308649856368,0.0348111111111111
"597",7450001,7500001,7475001,0.01748,0.00535,0.608494340916886,0.0291566666666667
"598",7462501,7512501,7487501,0.0209066666666667,0.00689333333333333,0.575594117347718,0.0327516666666667
"599",7475001,7525001,7500001,0.0205333333333333,0.00489,0.634832984886449,0.0348105555555556
"600",7487501,7537501,7512501,0.01302,0.00272333333333333,0.648638595447106,0.0224033333333333
"601",7500001,7550001,7525001,0.0159066666666667,0.00257666666666667,0.622532334921716,0.0244833333333333
"602",7512501,7562501,7537501,0.0154866666666667,0.000983333333333333,0.590976821192053,0.0201333333333333
"603",7525001,7575001,7550001,0.01944,0.00121,0.569313125695217,0.0239733333333333
"604",7537501,7587501,7562501,0.0264333333333333,0.00265666666666667,0.586946232487694,0.0352133333333333
"605",7550001,7600001,7575001,0.0275466666666667,0.00346333333333333,0.595627227679736,0.0383433333333333
"606",7562501,7612501,7587501,0.0270266666666667,0.00455666666666667,0.657050818010714,0.0460466666666667
"607",7575001,7625001,7600001,0.02724,0.00477,0.637540575224579,0.0441566666666667
"608",7587501,7637501,7612501,0.0257933333333333,0.00521666666666667,0.623345074699381,0.041165
"609",7600001,7650001,7625001,0.0233533333333333,0.00527333333333333,0.644609973101593,0.040275
"610",7612501,7662501,7637501,0.02252,0.00506,0.641471552583306,0.0384627777777778
"611",7625001,7675001,7650001,0.0178133333333333,0.00534666666666667,0.720308621268031,0.0414027777777778
"612",7637501,7687501,7662501,0.01838,0.00718,0.720302507112808,0.0456922222222222
"613",7650001,7700001,7675001,0.0222933333333333,0.01179,0.628389019455819,0.0458588888888889
"614",7662501,7712501,7687501,0.0197,0.0107333333333333,0.592513798592618,0.0373427777777778
"615",7675001,7725001,7700001,0.0177133333333333,0.0106833333333333,0.422936235549133,0.0246044444444444
"616",7687501,7737501,7712501,0.0154266666666667,0.00925666666666667,0.181406146363034,0.0150766666666667
"617",7700001,7750001,7725001,0.00863333333333333,0.00509333333333333,0.0729401170643855,0.00740333333333333
"618",7712501,7762501,7737501,0.0133933333333333,0.00756,0.208644565673521,0.0132388888888889
"619",7725001,7775001,7750001,0.01338,0.01204,0.351273180967504,0.0195922222222222
"620",7737501,7787501,7762501,0.00876666666666667,0.0104033333333333,0.403629450397511,0.0160722222222222
"621",7750001,7800001,7775001,0.00942,0.0111166666666667,0.396453761755486,0.0170133333333333
